{"danceability":{"0":0.6688039216,"1":0.4923820513,"2":0.6710625,"3":0.5144285714,"4":0.5762352941,"5":0.6798933333,"6":0.50525,"7":0.6464423077,"8":0.5124565217,"9":0.60945},"danceability_var":{"0":0.0204668243,"1":0.0188132492,"2":0.0118186211,"3":0.0308019909,"4":0.0282597093,"5":0.0221626286,"6":0.0200665625,"7":0.012217439,"8":0.0161027264,"9":0.0090727475},"energy":{"0":0.7779607843,"1":0.6959230769,"2":0.692953125,"3":0.6209015873,"4":0.6504176471,"5":0.71164,"6":0.7778125,"7":0.5725384615,"8":0.6857608696,"9":0.64185},"energy_var":{"0":0.0161504691,"1":0.0436382249,"2":0.0304389197,"3":0.0589713998,"4":0.0405548967,"5":0.0277208704,"6":0.0140464023,"7":0.0292251331,"8":0.0407456167,"9":0.0258927275},"loudness":{"0":-4.9084509804,"1":-8.107974359,"2":-4.87559375,"3":-9.6187539683,"4":-7.6345294118,"5":-5.92216,"6":-6.6208125,"7":-7.8423076923,"8":-6.3930434783,"9":-8.20615},"loudness_var":{"0":1.7400747966,"1":6.8969967429,"2":4.740519085,"3":18.7429028522,"4":6.2336817785,"5":5.9794752811,"6":6.5857287773,"7":5.5833569438,"8":5.8777263894,"9":9.3678356275},"speechiness":{"0":0.1044862745,"1":0.0910102564,"2":0.096425,"3":0.067,"4":0.0412176471,"5":0.0787533333,"6":0.04675625,"7":0.0762923077,"8":0.0502891304,"9":0.04997},"speechiness_var":{"0":0.0074696526,"1":0.0138975481,"2":0.0068354853,"3":0.0046069598,"4":0.0001927156,"5":0.0042093865,"6":0.0002692725,"7":0.0058538796,"8":0.0009703336,"9":0.0035534231},"acousticness":{"0":0.0852822333,"1":0.1622273192,"2":0.2691001563,"3":0.2735143698,"4":0.1771891059,"5":0.1202021067,"6":0.0639682313,"7":0.3247051154,"8":0.1789960022,"9":0.311405},"acousticness_var":{"0":0.0143436418,"1":0.0442904129,"2":0.0597328327,"3":0.1035392888,"4":0.0541541807,"5":0.0373047238,"6":0.0114937266,"7":0.0686561851,"8":0.0710712628,"9":0.0331541765},"instrumentalness":{"0":0.0006876051,"1":0.2237082803,"2":0.0006378122,"3":0.2031557634,"4":0.0817587635,"5":0.0006521896,"6":0.065451025,"7":0.0776806546,"8":0.0571820126,"9":0.0027158765},"instrumentalness_var":{"0":0.0000127914,"1":0.1301013364,"2":0.0000238615,"3":0.0960920006,"4":0.0465787341,"5":0.0000075783,"6":0.0176454463,"7":0.0405601534,"8":0.0277190618,"9":0.0000759083},"liveness":{"0":0.1872647059,"1":0.1793435897,"2":0.16889375,"3":0.1882777778,"4":0.1665235294,"5":0.2052386667,"6":0.225625,"7":0.1243442308,"8":0.1877173913,"9":0.16894},"liveness_var":{"0":0.0214629701,"1":0.0171566886,"2":0.0148836784,"3":0.0194527955,"4":0.0283467547,"5":0.0258819928,"6":0.0169085106,"7":0.0037154067,"8":0.0178239923,"9":0.0086014084},"valence":{"0":0.6454509804,"1":0.4766666667,"2":0.565078125,"3":0.4512579365,"4":0.4902941176,"5":0.5684933333,"6":0.5058125,"7":0.4444096154,"8":0.5391086957,"9":0.6296},"valence_var":{"0":0.0371830319,"1":0.0416609915,"2":0.0412517283,"3":0.0611711628,"4":0.06505609,"5":0.0371628633,"6":0.0484510273,"7":0.054724677,"8":0.0482838104,"9":0.02253444},"tempo":{"0":120.593254902,"1":124.9871282051,"2":114.595984375,"3":125.5476269841,"4":127.7254117647,"5":121.9262933333,"6":123.188875,"7":120.4816538462,"8":130.5317391304,"9":123.37065},"tempo_var":{"0":1002.4811108174,"1":859.968190881,"2":747.5809937029,"3":782.0550893291,"4":904.5351914187,"5":606.723138474,"6":916.0470866094,"7":690.0407537648,"8":939.7372133233,"9":1104.1489798275},"date":{"0":13098.8823529412,"1":7900.9615384615,"2":16885.6809895833,"3":13557.8138227513,"4":9821.7205882353,"5":13084.4322222222,"6":11518.8802083333,"7":16955.4463141026,"8":12617.8097826087,"9":11338.1875},"date_var":{"0":1248668.2308487121,"1":41862440.6000164375,"2":246528.6540374758,"3":20096460.7678760663,"4":1388320.8314470395,"5":14648832.8694339469,"6":21725272.0440266952,"7":771307.9895390321,"8":38937597.4909157827,"9":34453278.0171006918},"artist_div":{"0":0.7575757576,"1":0.4590163934,"2":0.5185185185,"3":0.6992481203,"4":0.9444444444,"5":0.7623762376,"6":0.8235294118,"7":0.9350649351,"8":0.5106382979,"9":0.9130434783}}